date,mean_prox,AR,snow_depth,tmin_avgC,fSCA,hunting,feeding,N
1/1/2017,0.132291667,0.169270833,0.81345173,-21.8064003,0.852590712,0,0,16
1/2/2017,0.102604167,0.132291667,0.793528233,-21.93720016,0.854835633,0,0,16
1/3/2017,0.064583333,0.102604167,0.806533698,-21.52799988,0.856236088,0,0,16
1/4/2017,0.097395833,0.064583333,0.827735883,-20.49899979,0.856412487,0,0,16
1/5/2017,0.13125,0.097395833,0.817256831,-22.2723999,0.855534116,0,0,16
1/6/2017,0.143229167,0.13125,0.875464481,-24.29340019,0.854092828,0,0,16
1/7/2017,0.126041667,0.143229167,0.8556102,-26.07720032,0.852580766,0,1,16
1/8/2017,0.234375,0.126041667,0.807928962,-27.51040039,0.851843656,0,1,16
1/9/2017,0.2875,0.234375,0.840360656,-26.50640049,0.852529883,0,1,16
1/10/2017,0.282291667,0.2875,1.065785064,-22.54560032,0.854803303,0,1,16
1/11/2017,0.290625,0.282291667,1.265336976,-17.74799995,0.858255906,0,1,16
1/12/2017,0.2640625,0.290625,1.398495446,-13.9657999,0.861956234,0,1,16
1/13/2017,0.215104167,0.2640625,1.522098361,-13.26540012,0.864728461,0,1,16
1/14/2017,0.277048611,0.215104167,1.239459016,-15.7262001,0.865436522,0,1,16
1/15/2017,0.359895833,0.277048611,1.184016393,-19.00220032,0.86369151,0,1,16
1/16/2017,0.4171875,0.359895833,1.14179235,-22.36960049,0.860011783,0,1,16
1/17/2017,0.480729167,0.4171875,1.107892532,-24.73680038,0.855522517,0,1,16
1/18/2017,0.351041667,0.480729167,1.079134791,-24.03880005,0.851260034,0,1,16
1/19/2017,0.248958333,0.351041667,1.047812386,-22.77360001,0.847833463,0,1,16
1/20/2017,0.219791667,0.248958333,1.025508197,-19.95679989,0.84520331,0,1,16
1/21/2017,0.216145833,0.219791667,1.062921676,-17.47219982,0.842811722,0,1,16
1/22/2017,0.2765625,0.216145833,1.042830601,-14.97599983,0.840457634,0,1,16
1/23/2017,0.297395833,0.2765625,1.031559199,-12.98659992,0.838015556,0,1,16
1/24/2017,0.369270833,0.297395833,1.049300546,-11.45200005,0.835840858,0,1,16
1/25/2017,0.38125,0.369270833,1.108905282,-12.45020008,0.834543875,0,1,16
1/26/2017,0.338541667,0.38125,1.15857377,-13.1948,0.834896541,0,1,16
1/27/2017,0.373958333,0.338541667,1.10987796,-15.64340019,0.837872459,0,1,16
1/28/2017,0.321231618,0.373958333,1.097857923,-18.30200024,0.843695761,0,1,17
1/29/2017,0.306525735,0.321231618,1.076834244,-20.13360023,0.851192724,0,1,17
1/30/2017,0.310202206,0.306525735,1.057355191,-20.8302002,0.858996612,0,1,17
1/31/2017,0.337316176,0.310202206,1.04026776,-20.89360008,0.865960023,0,1,17
2/1/2017,0.369485294,0.337316176,1.009876138,-17.56019993,0.871511144,0,1,17
2/2/2017,0.355238971,0.369485294,1.004846995,-14.82559986,0.875473235,0,1,17
2/3/2017,0.291819853,0.355238971,0.987863388,-13.57919979,0.877859154,0,1,17
2/4/2017,0.422334559,0.291819853,1.002167577,-12.06159973,0.878728104,0,1,17
2/5/2017,0.434283088,0.422334559,1.183739526,-9.602799892,0.878329909,0,1,17
2/6/2017,0.375919118,0.434283088,1.316978142,-9.11439991,0.877118737,0,1,17
2/7/2017,0.378676471,0.375919118,1.318265938,-8.197399998,0.87577709,0,1,17
2/8/2017,0.389705882,0.378676471,1.504544627,-6.792399979,0.874943855,0,1,17
2/9/2017,0.313878676,0.389705882,1.500200364,-5.717599964,0.874746017,0,1,17
2/10/2017,0.239430147,0.313878676,1.485639344,-5.117799926,0.874525453,0,1,17
2/11/2017,0.284466912,0.239430147,1.356087432,-5.169999957,0.873646033,0,1,17
2/12/2017,0.263327206,0.284466912,1.289071038,-7.454399848,0.87145307,0,1,17
2/13/2017,0.261948529,0.263327206,1.259969035,-9.622799754,0.869190094,0,1,17
2/14/2017,0.248621324,0.261948529,1.227116576,-11.60319993,0.867649297,0,1,17
2/15/2017,0.233915441,0.248621324,1.179992714,-14.33219986,0.867303061,0,1,17
2/16/2017,0.248161765,0.233915441,1.158154827,-16.09459991,0.867630036,0,1,17
2/17/2017,0.280790441,0.248161765,1.153340619,-14.84759998,0.86773482,0,1,17
2/18/2017,0.220128676,0.280790441,1.174553734,-12.68900013,0.866804542,0,1,17
2/19/2017,0.255974265,0.220128676,1.167839709,-10.05759997,0.864960808,0,1,17
2/20/2017,0.239430147,0.255974265,1.202526412,-8.475400019,0.86288945,0,1,17
2/21/2017,0.201286765,0.239430147,1.386834244,-6.960199976,0.861394236,0,1,17
2/22/2017,0.278033088,0.201286765,1.521409836,-6.072600031,0.861120322,0,1,17
2/23/2017,0.266084559,0.278033088,1.547344262,-6.865799952,0.861994888,0,1,17
2/24/2017,0.299632353,0.266084559,1.496404372,-8.929799938,0.863509417,0,1,17
2/25/2017,0.272332317,0.299632353,1.483990893,-10.94099979,0.864923859,0,1,41
2/26/2017,0.309911616,0.272332317,1.472167577,-13.44039993,0.865734578,0,1,45
2/27/2017,0.300189394,0.309911616,1.438650273,-15.50039997,0.866005553,0,1,45
2/28/2017,0.31104798,0.300189394,1.411981785,-16.20179996,0.866382781,0,1,45
3/1/2017,0.326830808,0.31104798,1.433759563,-16.88779984,0.867716949,0,1,45
3/2/2017,0.298926768,0.326830808,1.435714026,-16.86539993,0.870104338,0,1,45
3/3/2017,0.285479798,0.298926768,1.420510018,-15.50619984,0.872468319,0,1,45
3/4/2017,0.270075758,0.285479798,1.370652095,-14.3461998,0.873129013,0,1,45
3/5/2017,0.282070707,0.270075758,1.343779599,-12.60619984,0.870794895,0,1,45
3/6/2017,0.299242424,0.282070707,1.306491803,-11.49799995,0.865350816,0,1,45
3/7/2017,0.304608586,0.299242424,1.316863388,-10.99500008,0.857602534,0,1,45
3/8/2017,0.264772727,0.304608586,1.350174863,-11.35240002,0.849298106,0,1,45
3/9/2017,0.19709596,0.264772727,1.428198543,-10.35819998,0.842355768,0,1,45
3/10/2017,0.219760101,0.19709596,1.540748634,-9.596800041,0.837806224,0,1,45
3/11/2017,0.27790404,0.219760101,1.537510018,-8.218200111,0.835323655,0,1,45
3/12/2017,0.315286195,0.27790404,1.479954463,-6.695000076,0.833810543,0,1,45
3/13/2017,0.29229798,0.315286195,1.433692168,-5.273200035,0.831708142,0,1,45
3/14/2017,0.285353535,0.29229798,1.406398907,-5.040000057,0.827342607,0,1,45
3/15/2017,0.265025253,0.285353535,1.349641166,-5.21340003,0.819197127,0,1,45
3/16/2017,0.223042929,0.265025253,1.24615847,-5.107200003,0.806223256,0,1,45
3/17/2017,0.251893939,0.223042929,1.203484517,-4.063999987,0.788096618,0,1,45
3/18/2017,0.258585859,0.251893939,1.113897996,-3.241200018,0.765274635,0,1,45
3/19/2017,0.287310606,0.258585859,1.059357013,-2.661199999,0.738805072,0,1,45
3/20/2017,0.308207071,0.287310606,0.946555556,-2.040000004,0.71018498,0,1,45
3/21/2017,0.351957071,0.308207071,0.897726776,-1.388599998,0.681040546,0,1,45
3/22/2017,0.336363636,0.351957071,0.899038251,-1.0448,0.652918632,0,1,45
3/23/2017,0.185479798,0.336363636,0.836644809,-0.958199982,0.627531523,0,1,45
3/24/2017,0.181502525,0.185479798,0.82454827,-1.66639996,0.606049902,0,0,45
3/25/2017,0.147348485,0.181502525,0.818156648,-3.136399995,0.588666777,0,0,45
3/26/2017,0.177588384,0.147348485,0.798775956,-4.184800027,0.573955347,0,0,45
3/27/2017,0.169133192,0.177588384,0.848327869,-5.822200012,0.559205078,0,0,44
3/28/2017,0.107954545,0.169133192,0.828247723,-6.246799994,0.541920991,0,0,44
3/29/2017,0.159487315,0.107954545,0.805641166,-6.426200056,0.521698774,0,0,44
3/30/2017,0.11517165,0.159487315,0.775976321,-6.39720006,0.500318682,0,0,43
3/31/2017,0.156699889,0.11517165,0.746947177,-5.480400038,0.481435383,0,0,43
4/1/2017,0.131678281,0.156699889,0.823318761,-4.476000071,0.468795809,0,0,42
4/2/2017,0.105030488,0.131678281,0.760965392,-4.575200081,0.463719878,0,0,41
4/3/2017,0.147937411,0.105030488,0.721382514,-4.599000072,0.464697653,0,0,38
4/4/2017,0.169106607,0.147937411,0.736604736,-5.576599979,0.468285639,0,0,37
4/5/2017,0.148237179,0.169106607,0.774107468,-7.889199924,0.471671298,0,0,40
4/6/2017,0.107612179,0.148237179,0.767779599,-9.32159996,0.473437383,0,0,40
4/7/2017,0.100225225,0.107612179,0.733193078,-9.394199944,0.472739819,0,0,37
4/8/2017,0.109328078,0.100225225,0.657092896,-8.612399912,0.46945296,0,0,37
4/9/2017,0.15746997,0.109328078,0.616318761,-7.3546,0.463144103,0,0,37
4/10/2017,0.13673048,0.15746997,0.660371585,-6.832799959,0.453500337,0,0,37
4/11/2017,0.117398649,0.13673048,0.723566485,-7.090399981,0.440888159,0,0,37
4/12/2017,0.087896825,0.117398649,0.746466302,-7.645000029,0.426240707,0,0,36
4/13/2017,0.122326203,0.087896825,0.726945355,-7.696200037,0.41094437,0,0,34
4/14/2017,0.090909091,0.122326203,0.632657559,-7.199800014,0.3961497,0,0,33
4/15/2017,0.064390121,0.090909091,0.548446266,-6.970800114,0.38243368,0,0,32
4/16/2017,0.060036946,0.064390121,0.547613843,-6.691400051,0.369842155,0,0,29
4/17/2017,0.05875,0.060036946,0.538205829,-6.524600029,0.358199145,0,0,25
4/18/2017,0.053125,0.05875,0.525850638,-6.353000021,0.347248136,0,0,25
4/19/2017,0.054761905,0.053125,0.510602914,-5.931800008,0.33733211,0,0,21
4/20/2017,0.095065789,0.054761905,0.678526412,-5.28440001,0.329065051,0,0,20
4/21/2017,0.072303922,0.095065789,0.637169399,-4.459000039,0.322510359,0,0,18
4/22/2017,0.067555147,0.072303922,0.642976321,-4.492000031,0.317819896,0,0,17
4/23/2017,0.033333333,0.067555147,0.68307286,-5.700600076,0.314763468,0,0,15
4/24/2017,0.025568182,0.033333333,0.618182149,-5.795200086,0.312826522,0,0,12
4/25/2017,0.0140625,0.025568182,0.572460838,-5.318400073,0.311599632,0,0,16
4/26/2017,0.025,0.0140625,0.641542805,-5.053000045,0.310864332,0,0,16
4/27/2017,0.047368421,0.025,0.648821494,-4.621000075,0.3106043,0,0,20
4/28/2017,0.05375,0.047368421,0.715149362,-4.132400012,0.310574961,0,0,25
4/29/2017,0.037549407,0.05375,0.804222222,-5.157000017,0.310302071,0,0,23
4/30/2017,0.086538462,0.037549407,0.827136612,-6.268000031,0.309111027,0,0,14
5/1/2017,0.036363636,0.086538462,0.783018215,-6.637199974,0.306554167,0,0,11
1/1/2018,0.093616643,0.087202381,0.386673953,-11.31959982,0.850074184,0,0,38
1/2/2018,0.107638889,0.093616643,0.374367942,-13.54799967,0.857595742,0,0,37
1/3/2018,0.073385886,0.107638889,0.363100182,-16.53019972,0.862994426,0,0,37
1/4/2018,0.101045884,0.073385886,0.301255009,-19.04419975,0.865296842,0,0,39
1/5/2018,0.10205803,0.101045884,0.29556102,-18.38619976,0.864882491,0,0,39
1/6/2018,0.140350877,0.10205803,0.30687796,-16.49659977,0.863036229,0,0,39
1/7/2018,0.149375843,0.140350877,0.30091439,-13.59039993,0.86097526,0,0,39
1/8/2018,0.16995614,0.149375843,0.319136612,-11.83579979,0.859218034,0,0,39
1/9/2018,0.182945344,0.16995614,0.313387978,-10.85339985,0.857245708,0,0,39
1/10/2018,0.244310897,0.182945344,0.316428051,-8.891199875,0.854479136,0,0,40
1/11/2018,0.310016026,0.244310897,0.440205829,-9.163199997,0.850267058,0,0,40
1/12/2018,0.281490385,0.310016026,0.579744991,-10.37420006,0.846452301,0,0,40
1/13/2018,0.182164634,0.281490385,0.587712204,-9.027000141,0.844063341,0,0,41
1/14/2018,0.144512195,0.182164634,0.655613843,-9.153999996,0.843226872,0,0,41
1/15/2018,0.114176829,0.144512195,0.62452459,-10.50500002,0.843316565,0,0,41
1/16/2018,0.138719512,0.114176829,0.599378871,-11.62440004,0.843092412,0,0,42
1/17/2018,0.181270764,0.138719512,0.580453552,-12.76080008,0.842304043,0,0,43
1/18/2018,0.183208749,0.181270764,0.487123862,-14.65380001,0.841004309,0,0,43
1/19/2018,0.126176633,0.183208749,0.476626594,-14.48100014,0.839621521,0,0,43
1/20/2018,0.147702104,0.126176633,0.495167577,-13.94660015,0.838801899,0,0,43
1/21/2018,0.148255814,0.147702104,0.532912568,-13.34899998,0.839209584,0,0,43
1/22/2018,0.12666113,0.148255814,0.538276867,-13.82579975,0.841301046,0,0,43
1/23/2018,0.135797342,0.12666113,0.53103643,-14.61619968,0.845045922,0,0,43
1/24/2018,0.116002215,0.135797342,0.562743169,-15.3489996,0.849629813,0,0,43
1/25/2018,0.127837763,0.116002215,0.533622951,-16.65579967,0.853677357,0,0,43
1/26/2018,0.182447398,0.127837763,0.542306011,-16.31259975,0.856196369,0,0,43
1/27/2018,0.149640089,0.182447398,0.564726776,-14.61419983,0.856766305,0,0,43
1/28/2018,0.164521041,0.149640089,0.55729326,-12.84699993,0.855610846,0,0,43
1/29/2018,0.121400886,0.164521041,0.63417122,-10.99219999,0.853438929,0,0,43
1/30/2018,0.232765781,0.121400886,0.662852459,-8.998599911,0.851084765,0,0,43
1/31/2018,0.204388151,0.232765781,0.549703097,-7.551599884,0.848721443,0,0,43
2/1/2018,0.159468439,0.204388151,0.49120765,-7.286800003,0.845961404,0,0,43
2/2/2018,0.151854928,0.159468439,0.496887067,-7.956400108,0.843085668,0,0,43
2/3/2018,0.192829457,0.151854928,0.488318761,-7.988800049,0.840305843,0,0,43
2/4/2018,0.178086932,0.192829457,0.601970856,-7.673800039,0.837599258,0,0,43
2/5/2018,0.154000554,0.178086932,0.568003643,-7.388200092,0.834809225,0,0,43
2/6/2018,0.149224806,0.154000554,0.628983607,-6.545800018,0.831534515,0,0,43
2/7/2018,0.183900886,0.149224806,0.590114754,-5.286999989,0.826861929,0,0,43
2/8/2018,0.185215947,0.183900886,0.583120219,-5.473400021,0.821235023,0,0,43
2/9/2018,0.165559247,0.185215947,0.603377049,-5.288600063,0.815944032,0,0,43
2/10/2018,0.2535299,0.165559247,0.556502732,-7.170200014,0.812935724,0,0,43
2/11/2018,0.180301772,0.2535299,0.537298725,-9.544599867,0.813676938,0,0,43
2/12/2018,0.152408638,0.180301772,0.52640255,-11.62059999,0.818433024,0,0,43
2/13/2018,0.136420266,0.152408638,0.515801457,-12.85479999,0.825700985,0,0,43
2/14/2018,0.131575305,0.136420266,0.567575592,-15.03979988,0.833178037,0,0,43
2/15/2018,0.147978959,0.131575305,0.555479053,-14.92939987,0.838913372,0,0,43
2/16/2018,0.223283499,0.147978959,0.575446266,-14.34740009,0.84273057,0,0,43
2/17/2018,0.13835825,0.223283499,0.598495446,-13.82479992,0.84542595,0,0,43
2/18/2018,0.140642303,0.13835825,0.621284153,-13.29659996,0.848417542,0,0,43
2/19/2018,0.133928571,0.140642303,0.64048816,-13.47440014,0.852650219,0,0,43
2/20/2018,0.193452381,0.133928571,0.815140255,-15.33460007,0.858163001,0,0,43
2/21/2018,0.151370432,0.193452381,0.815570128,-17.05179996,0.864253617,0,0,43
2/22/2018,0.181962901,0.151370432,0.765994536,-18.59979992,0.869896268,0,0,43
2/23/2018,0.156976744,0.181962901,0.685845173,-20.87279968,0.8737327,0,0,43
2/24/2018,0.155661683,0.156976744,0.687123862,-21.94759941,0.874985935,0,0,43
2/25/2018,0.18694629,0.155661683,0.690176685,-21.36079941,0.874069351,0,0,43
2/26/2018,0.219130676,0.18694629,0.753553734,-19.70799942,0.872298532,0,0,43
2/27/2018,0.234219269,0.219130676,0.780686703,-17.85259953,0.870942983,0,0,43
2/28/2018,0.274432447,0.234219269,0.804508197,-17.04399967,0.870893413,0,0,43
3/1/2018,0.200442968,0.274432447,0.779513661,-16.98179989,0.872539664,0,0,43
3/2/2018,0.184800664,0.200442968,0.682622951,-16.57679996,0.875754255,0,0,43
3/3/2018,0.19379845,0.184800664,0.725269581,-15.52059994,0.879574444,0,0,43
3/4/2018,0.199404762,0.19379845,0.728777778,-14.7145998,0.882732406,0,0,43
3/5/2018,0.207087486,0.199404762,0.717094718,-13.65439987,0.88399968,0,0,43
3/6/2018,0.230620155,0.207087486,0.764836066,-12.66499977,0.882889566,0,0,43
3/7/2018,0.158153378,0.230620155,0.789169399,-13.18539963,0.879912328,0,0,43
3/8/2018,0.13891196,0.158153378,0.770236794,-15.05299988,0.876816452,0,0,43
3/9/2018,0.167774086,0.13891196,0.754220401,-15.75480003,0.875261889,0,0,43
3/10/2018,0.143687708,0.167774086,0.738087432,-14.85100002,0.875814768,0,0,43
3/11/2018,0.141971207,0.143687708,0.767043716,-15.09860001,0.877533156,0,0,43
3/12/2018,0.268272425,0.141971207,0.755041894,-14.3262001,0.878709556,0,0,43
3/13/2018,0.138496678,0.268272425,0.745774135,-12.71219997,0.877788301,0,0,43
3/14/2018,0.12555371,0.138496678,0.731728597,-12.3355999,0.873937147,0,0,43
3/15/2018,0.144587486,0.12555371,0.674284153,-12.03859987,0.867224138,0,0,43
3/16/2018,0.158914729,0.144587486,0.6668051,-10.49359999,0.858578454,0,0,43
3/17/2018,0.16728959,0.158914729,0.682397086,-9.20880003,0.849151565,0,0,43
3/18/2018,0.199889258,0.16728959,0.672497268,-9.491999912,0.83981694,0,0,43
3/19/2018,0.175110742,0.199889258,0.70726776,-9.94119997,0.830738799,0,0,43
3/20/2018,0.176218162,0.175110742,0.698817851,-10.64419994,0.821166428,0,0,43
3/21/2018,0.120501107,0.176218162,0.679602914,-10.78719997,0.80985171,0,0,43
3/22/2018,0.090739203,0.120501107,0.67924408,-10.52779999,0.795848881,0,0,43
3/23/2018,0.106312292,0.090739203,0.688821494,-8.347800064,0.779457198,0,0,43
3/24/2018,0.100156884,0.106312292,0.67782878,-6.721399975,0.762040134,0,0,43
3/25/2018,0.117940199,0.100156884,0.663,-6.482599926,0.745643175,0,0,43
3/26/2018,0.088593577,0.117940199,0.669080146,-6.49139986,0.732280006,0,0,43
3/27/2018,0.091638981,0.088593577,0.671830601,-7.284599972,0.72298414,0,0,43
3/28/2018,0.108042636,0.091638981,0.68508561,-9.357199955,0.717356106,0,0,43
3/29/2018,0.108181063,0.108042636,0.674469945,-10.13400002,0.714327775,0,0,43
3/30/2018,0.082087486,0.108181063,0.690989071,-10.61660004,0.712655939,0,0,43
3/31/2018,0.092884828,0.082087486,0.674147541,-9.89640007,0.711108828,0,0,43
4/1/2018,0.117940199,0.092884828,0.614899818,-8.538599968,0.708566068,0,0,43
4/2/2018,0.105066445,0.117940199,0.613985428,-7.268599987,0.703938774,0,0,43
4/3/2018,0.130052602,0.105066445,0.603145719,-8.381599903,0.69641,0,0,43
4/4/2018,0.088662791,0.130052602,0.689628415,-9.73399992,0.686026115,0,0,43
4/5/2018,0.08049557,0.088662791,0.676834244,-9.978199863,0.673254399,0,0,43
4/6/2018,0.112587671,0.08049557,0.665005464,-9.369399881,0.658791717,0,0,43
4/7/2018,0.12775842,0.112587671,0.620663024,-8.699999857,0.643311737,0,0,42
4/8/2018,0.12318525,0.12775842,0.657320583,-6.6401999,0.627234923,0,0,42
4/9/2018,0.087761324,0.12318525,0.597145719,-4.349199915,0.610784354,0,0,42
4/10/2018,0.06075784,0.087761324,0.705284153,-4.63319993,0.593823732,0,0,42
4/11/2018,0.061788762,0.06075784,0.629041894,-5.512199974,0.576048106,0,0,38
4/12/2018,0.083417679,0.061788762,0.561595628,-5.291999984,0.557108518,0,0,39
4/13/2018,0.07272404,0.083417679,0.507069217,-6.260600066,0.536415878,0,0,38
4/14/2018,0.067392038,0.07272404,0.68042623,-7.009800124,0.514071214,0,0,39
4/15/2018,0.07202381,0.067392038,0.674967213,-7.256800056,0.490801568,0,0,36
4/16/2018,0.066287879,0.07202381,0.619750455,-6.900999999,0.467727604,0,0,34
4/17/2018,0.050913547,0.066287879,0.54731694,-7.841800022,0.446298291,0,0,34
4/18/2018,0.08203125,0.050913547,0.462409836,-7.903399944,0.427395992,0,0,32
4/19/2018,0.060250947,0.08203125,0.509912568,-8.324999905,0.411370349,0,0,33
4/20/2018,0.054807692,0.060250947,0.487,-7.087599993,0.397520035,0,0,26
4/21/2018,0.041041667,0.054807692,0.456409836,-6.729800034,0.384912118,0,0,25
4/22/2018,0.036513158,0.041041667,0.417599271,-6.300400019,0.372219231,0,0,20
4/23/2018,0.063230994,0.036513158,0.376925319,-4.915400028,0.358973412,0,0,19
4/24/2018,0.057236842,0.063230994,0.34664663,-3.513399982,0.345065288,0,0,20
4/25/2018,0.048245614,0.057236842,0.374191257,-4.223199987,0.331410892,0,0,19
4/26/2018,0.05994152,0.048245614,0.360821494,-4.899199963,0.31859244,0,0,19
4/27/2018,0.082602339,0.05994152,0.331409836,-4.905399942,0.30737786,0,0,19
4/28/2018,0.052849265,0.082602339,0.321187614,-4.766799951,0.297808795,0,0,17
4/29/2018,0.086538462,0.052849265,0.301023679,-3.565399992,0.289587355,0,0,14
4/30/2018,0.097222222,0.086538462,0.270897996,-2.776599991,0.28231963,0,0,9
5/1/2018,0.097727273,0.097222222,0.26826776,-2.277199996,0.275330011,0,0,11
1/1/2019,0.194230769,0.169615385,0.449752277,-20.23160038,0.840749592,0,0,26
1/2/2019,0.199038462,0.194230769,0.428766849,-22.74320049,0.841347192,0,0,26
1/3/2019,0.154230769,0.199038462,0.419484517,-23.51760044,0.840851436,0,0,26
1/4/2019,0.144615385,0.154230769,0.411404372,-24.35740032,0.839170292,0,0,26
1/5/2019,0.113871795,0.144615385,0.403739526,-25.34740028,0.837280266,0,0,26
1/6/2019,0.16475641,0.113871795,0.395189435,-23.02260017,0.836453287,0,0,26
1/7/2019,0.203269231,0.16475641,0.387553734,-19.30580006,0.837471908,0,0,26
1/8/2019,0.186730769,0.203269231,0.439103825,-18.2671999,0.839866824,0,0,26
1/9/2019,0.075,0.186730769,0.498384335,-18.57559986,0.842753481,0,0,26
1/10/2019,0.090846154,0.075,0.482493625,-17.29419975,0.845531655,0,0,26
1/11/2019,0.103076923,0.090846154,0.467715847,-15.85859985,0.847878417,0,0,26
1/12/2019,0.127115385,0.103076923,0.471770492,-17.39279995,0.84970095,0,0,26
1/13/2019,0.120769231,0.127115385,0.461358834,-17.93140011,0.851051134,0,0,26
1/14/2019,0.095192308,0.120769231,0.452591985,-18.11020031,0.851737327,0,0,26
1/15/2019,0.099038462,0.095192308,0.444901639,-20.03560028,0.852037767,0,0,26
1/16/2019,0.132884615,0.099038462,0.445094718,-22.26600037,0.852103738,0,0,26
1/17/2019,0.154410256,0.132884615,0.440264117,-20.47400017,0.852169185,0,0,26
1/18/2019,0.135192308,0.154410256,0.461912568,-17.52040005,0.852301364,0,0,26
1/19/2019,0.169615385,0.135192308,0.533103825,-15.09979992,0.85213864,0,0,26
1/20/2019,0.156089744,0.169615385,0.556821494,-12.29659996,0.85095097,0,0,26
1/21/2019,0.179423077,0.156089744,0.562522769,-8.900599766,0.848327674,0,0,26
1/22/2019,0.128269231,0.179423077,0.567132969,-9.72699976,0.844531508,0,0,26
1/23/2019,0.187307692,0.128269231,0.644449909,-11.80120001,0.840905835,0,0,26
1/24/2019,0.165961538,0.187307692,0.6211949,-12.38839998,0.839263476,0,0,26
1/25/2019,0.157115385,0.165961538,0.627182149,-13.3526,0.840986501,0,0,26
1/26/2019,0.148076923,0.157115385,0.606956284,-15.54400005,0.846217218,0,0,26
1/27/2019,0.141346154,0.148076923,0.620664845,-15.29820004,0.853761107,0,0,26
1/28/2019,0.115384615,0.141346154,0.605397086,-13.64519997,0.861680723,0,0,26
1/29/2019,0.145384615,0.115384615,0.59123133,-15.15700016,0.867886369,0,0,26
1/30/2019,0.121346154,0.145384615,0.572867031,-17.33900013,0.871145762,0,0,26
1/31/2019,0.093846154,0.121346154,0.563881603,-19.29120007,0.871284213,0,0,26
2/1/2019,0.080769231,0.093846154,0.555852459,-20.58060017,0.869142555,0,0,26
2/2/2019,0.148653846,0.080769231,0.548852459,-22.07540016,0.865928166,0,0,26
2/3/2019,0.221675824,0.148653846,0.540220401,-19.39519997,0.862854275,0,0,26
2/4/2019,0.208653846,0.221675824,0.548112933,-16.01200008,0.860544645,0,0,26
2/5/2019,0.276730769,0.208653846,0.607779599,-12.42500019,0.85899799,0,0,26
2/6/2019,0.267948718,0.276730769,0.812453552,-12.54940014,0.857903189,0,1,26
2/7/2019,0.420384615,0.267948718,0.836331512,-13.04260006,0.856807812,0,1,26
2/8/2019,0.440564103,0.420384615,0.845112933,-17.48360004,0.855629825,0,1,26
2/9/2019,0.366730769,0.440564103,0.81840255,-21.35,0.854911041,0,1,26
2/10/2019,0.408269231,0.366730769,0.796765027,-23.38159981,0.85517225,0,1,26
2/11/2019,0.466346154,0.408269231,0.790686703,-22.57559967,0.856564499,0,1,26
2/12/2019,0.42282967,0.466346154,0.825143898,-22.38459969,0.858471111,0,1,26
2/13/2019,0.4425,0.42282967,0.840510018,-19.1001997,0.860035662,0,1,26
2/14/2019,0.335,0.4425,0.81703643,-15.68859978,0.860670526,0,1,26
2/15/2019,0.391820513,0.335,0.947127505,-13.29959993,0.860176606,0,1,26
2/16/2019,0.470961538,0.391820513,1.095925319,-12.36100016,0.859408619,0,1,26
2/17/2019,0.410192308,0.470961538,1.038384335,-11.6144002,0.859368469,0,1,26
2/18/2019,0.417884615,0.410192308,0.99945173,-14.24680014,0.860922157,0,1,26
2/19/2019,0.420769231,0.417884615,0.987717668,-17.20840006,0.864476138,0,1,26
2/20/2019,0.383846154,0.420769231,0.959200364,-20.48359985,0.869438088,0,1,26
2/21/2019,0.393076923,0.383846154,0.914092896,-22.47799988,0.874411689,0,1,26
2/22/2019,0.414602564,0.393076923,0.906183971,-24.47899971,0.878220582,0,1,26
2/23/2019,0.427115385,0.414602564,0.897491803,-24.36479988,0.880011021,0,1,26
2/24/2019,0.4465,0.427115385,0.8893898,-23.32459984,0.880109428,0,1,26
2/25/2019,0.506730769,0.4465,0.922726776,-21.41960011,0.879610601,0,1,26
2/26/2019,0.548269231,0.506730769,0.996242259,-18.64720001,0.879479209,0,1,26
2/27/2019,0.412884615,0.548269231,1.104874317,-14.80760012,0.880397561,0,1,26
2/28/2019,0.415,0.412884615,1.200233151,-10.74700003,0.882432966,0,1,26
3/1/2019,0.32797619,0.415,1.085916211,-8.579800129,0.884978193,0,1,15
3/2/2019,0.430631868,0.32797619,1.106513661,-9.348400021,0.887446769,0,1,14
3/3/2019,0.424450549,0.430631868,1.067406193,-12.06100016,0.889475141,0,1,14
3/4/2019,0.412774725,0.424450549,1.041779599,-15.35960007,0.891197274,0,1,14
3/5/2019,0.409340659,0.412774725,1.020433515,-18.96960011,0.892933157,0,1,14
3/6/2019,0.405906593,0.409340659,0.952065574,-21.61599998,0.894819274,0,1,14
3/7/2019,0.297395833,0.405906593,0.942826958,-19.55720005,0.8968715,0,1,16
3/8/2019,0.301041667,0.297395833,1.040517304,-16.74679995,0.898712192,0,1,16
3/9/2019,0.334375,0.301041667,1.015582878,-14.76980009,0.899826202,0,1,16
3/10/2019,0.366666667,0.334375,1.01796357,-13.66420012,0.900030755,0,1,16
3/11/2019,0.3328125,0.366666667,0.998477231,-13.80660009,0.899442969,0,1,16
3/12/2019,0.316666667,0.3328125,0.982602914,-16.92399988,0.898101891,0,1,16
3/13/2019,0.328125,0.316666667,0.967134791,-19.3421999,0.895761322,0,1,16
3/14/2019,0.309895833,0.328125,0.953096539,-19.7513998,0.891355747,0,1,16
3/15/2019,0.319791667,0.309895833,0.94515847,-20.01119976,0.883718569,0,1,16
3/16/2019,0.3046875,0.319791667,0.93301275,-19.5395998,0.873222812,0,1,16
3/17/2019,0.305208333,0.3046875,0.922225865,-18.8552,0.861349161,0,1,16
3/18/2019,0.286458333,0.305208333,0.912810565,-18.56540012,0.850209749,0,1,16
3/19/2019,0.306525735,0.286458333,0.904094718,-19.15980034,0.841892861,0,1,17
3/20/2019,0.31495098,0.306525735,0.90943898,-18.8288002,0.836540383,0,1,18
3/21/2019,0.360837438,0.31495098,0.900608379,-17.74000034,0.832425592,0,1,29
3/22/2019,0.351325758,0.360837438,0.890726776,-16.04400024,0.827487548,0,1,33
3/23/2019,0.322324811,0.351325758,0.876795993,-13.53320007,0.821355012,0,1,33
3/24/2019,0.342684659,0.322324811,0.855413479,-11.56699991,0.815293722,0,1,33
3/25/2019,0.281862745,0.342684659,0.843027322,-9.463800049,0.812191228,0,1,34
3/26/2019,0.320744207,0.281862745,0.878313297,-8.03220005,0.81498289,0,1,34
3/27/2019,0.31495098,0.320744207,0.874896175,-7.653600121,0.82457465,0,1,34
3/28/2019,0.358065954,0.31495098,0.835326047,-7.423000145,0.838981038,0,1,34
3/29/2019,0.371657754,0.358065954,0.795655738,-7.341400146,0.854559692,0,1,34
3/30/2019,0.379901961,0.371657754,0.774562842,-7.807600117,0.867797803,0,1,34
3/31/2019,0.341466132,0.379901961,0.814856102,-8.473400021,0.876387132,0,1,34
4/1/2019,0.435160428,0.341466132,0.807034608,-8.745600033,0.879087395,0,1,34
4/2/2019,0.431595365,0.435160428,0.786382514,-9.357800007,0.87576615,0,1,34
4/3/2019,0.423573975,0.431595365,0.753613843,-9.306799984,0.866799939,0,1,34
4/4/2019,0.293672014,0.423573975,0.77264663,-8.023799992,0.852979867,0,1,34
4/5/2019,0.634358289,0.293672014,0.782712204,-6.248799992,0.83525066,0,1,34
4/6/2019,0.580325312,0.634358289,0.734936248,-4.732799959,0.814758577,0,1,34
4/7/2019,0.356060606,0.580325312,0.660424408,-4.118399954,0.792661452,0,1,34
4/8/2019,0.333333333,0.356060606,0.645069217,-3.169599962,0.769943974,0,1,34
4/9/2019,0.325311943,0.333333333,0.60628051,-2.566999966,0.747329679,0,1,34
4/10/2019,0.335784314,0.325311943,0.505428051,-3.014799935,0.725070144,0,1,34
4/11/2019,0.349376114,0.335784314,0.511739526,-4.795600039,0.703433296,0,1,34
4/12/2019,0.413324421,0.349376114,0.526856102,-6.184000021,0.682673838,0,1,34
4/13/2019,0.393939394,0.413324421,0.522342441,-7.951600081,0.663022904,0,1,34
4/14/2019,0.369206774,0.393939394,0.513009107,-9.679400158,0.64458756,0,1,34
4/15/2019,0.332442068,0.369206774,0.509078324,-9.636800194,0.626891522,0,1,34
4/16/2019,0.217134581,0.332442068,0.557790528,-8.433400059,0.609070548,0,0,34
4/17/2019,0.159090909,0.217134581,0.531857923,-6.985800076,0.589829246,0,0,34
4/18/2019,0.071078431,0.159090909,0.600530055,-5.882800007,0.568231918,0,0,34
4/19/2019,0.068293226,0.071078431,0.56915847,-4.839199924,0.544018143,0,0,34
4/20/2019,0.09025614,0.068293226,0.520387978,-4.392999935,0.517433307,0,0,32
4/21/2019,0.118233618,0.09025614,0.464336976,-3.30939998,0.489129119,0,0,27
4/22/2019,0.07827957,0.118233618,0.433030965,-2.80479998,0.459889706,0,0,31
4/23/2019,0.076293103,0.07827957,0.433542805,-2.244199985,0.430682807,0,0,30
4/24/2019,0.075738916,0.076293103,0.426433515,-1.776599997,0.402656072,0,0,29
4/25/2019,0.071924603,0.075738916,0.40454827,-1.83300001,0.377246125,0,0,28
4/26/2019,0.069279101,0.071924603,0.375256831,-2.652200007,0.355327522,0,0,28
4/27/2019,0.138134058,0.069279101,0.355639344,-3.025800014,0.337396437,0,0,24
4/28/2019,0.100769928,0.138134058,0.319657559,-3.390400004,0.323135297,0,0,24
4/29/2019,0.101875,0.100769928,0.293058288,-5.604599953,0.311810278,0,0,25
4/30/2019,0.121041667,0.101875,0.295176685,-7.283599949,0.302686224,0,0,25
5/1/2019,0.085371377,0.121041667,0.367564663,-8.511999941,0.294799514,0,0,24
1/1/2020,0.146153846,0.105602564,0.321816029,-23.54860001,0.840947255,0,0,26
1/2/2020,0.183461538,0.146153846,0.321515483,-21.55600014,0.840324787,0,0,26
1/3/2020,0.144615385,0.183461538,0.536624772,-19.98940029,0.837709536,0,0,26
1/4/2020,0.137307692,0.144615385,0.518797814,-17.89980011,0.83377758,0,0,26
1/5/2020,0.151538462,0.137307692,0.502094718,-15.8382,0.829885326,0,0,26
1/6/2020,0.157115385,0.151538462,0.48447541,-14.42859993,0.827539598,0,0,26
1/7/2020,0.151538462,0.157115385,0.489342441,-14.90380001,0.827177784,0,0,26
1/8/2020,0.161346154,0.151538462,0.536508197,-13.86680012,0.828237037,0,0,26
1/9/2020,0.231346154,0.161346154,0.529477231,-13.35140018,0.829540254,0,0,26
1/10/2020,0.138269231,0.231346154,0.546839709,-13.71420002,0.830201218,0,0,26
1/11/2020,0.173333333,0.138269231,0.552251366,-14.68519993,0.830026425,0,0,25
1/12/2020,0.2475,0.173333333,0.549322404,-15.01559982,0.82966923,0,0,25
1/13/2020,0.281458333,0.2475,0.601661202,-16.38359966,0.830163299,0,0,25
1/14/2020,0.235,0.281458333,0.608236794,-17.13939972,0.831894012,0,0,25
1/15/2020,0.201041667,0.235,0.662238616,-16.99519997,0.834652829,0,0,25
1/16/2020,0.126875,0.201041667,0.689925319,-17.05960007,0.837911147,0,0,25
1/17/2020,0.123125,0.126875,0.670759563,-17.1078001,0.841253779,0,0,25
1/18/2020,0.123125,0.123125,0.645515483,-17.57820034,0.844629815,0,0,25
1/19/2020,0.091041667,0.123125,0.636138434,-17.55140018,0.847960481,0,0,25
1/20/2020,0.097708333,0.091041667,0.619132969,-18.35259991,0.850924189,0,0,25
1/21/2020,0.091666667,0.097708333,0.605795993,-18.1698,0.853073239,0,0,25
1/22/2020,0.0825,0.091666667,0.593810565,-17.25699997,0.854012963,0,0,25
1/23/2020,0.105416667,0.0825,0.581590164,-16.15379982,0.853528078,0,0,25
1/24/2020,0.101458333,0.105416667,0.580941712,-14.97439995,0.85176152,0,0,25
1/25/2020,0.10875,0.101458333,0.575588342,-12.39760008,0.849018894,0,0,25
1/26/2020,0.081458333,0.10875,0.580291439,-10.3974,0.845738769,0,0,25
1/27/2020,0.098333333,0.081458333,0.580712204,-9.617800045,0.842799438,0,0,25
1/28/2020,0.107916667,0.098333333,0.582783242,-9.546200085,0.841448069,0,0,25
1/29/2020,0.158958333,0.107916667,0.586149362,-9.765199947,0.842453632,0,0,25
1/30/2020,0.163125,0.158958333,0.618123862,-10.59200001,0.845989766,0,0,25
1/31/2020,0.13125,0.163125,0.633870674,-12.06840019,0.851409888,0,0,25
2/1/2020,0.28,0.13125,0.62403643,-13.45080013,0.857394983,0,1,25
2/2/2020,0.247375,0.28,0.611641166,-12.34680004,0.862510549,0,1,25
2/3/2020,0.279333333,0.247375,0.570236794,-12.4328001,0.865775874,0,1,25
2/4/2020,0.265833333,0.279333333,0.562001821,-15.21840019,0.866964942,0,1,25
2/5/2020,0.325384615,0.265833333,0.691500911,-16.97520027,0.866633122,0,1,26
2/6/2020,0.363269231,0.325384615,0.66696357,-17.82540016,0.86558161,0,1,26
2/7/2020,0.307115385,0.363269231,0.660546448,-19.03620014,0.86442802,0,1,26
2/8/2020,0.262115385,0.307115385,0.701677596,-18.51900005,0.86353393,0,1,26
2/9/2020,0.324423077,0.262115385,0.705118397,-17.09719982,0.863044453,0,1,26
2/10/2020,0.320384615,0.324423077,0.70632969,-15.6213995,0.863088879,0,1,26
2/11/2020,0.330576923,0.320384615,0.690362477,-17.17299976,0.863718983,0,1,26
2/12/2020,0.338846154,0.330576923,0.744867031,-19.1473999,0.864875302,0,1,26
2/13/2020,0.35,0.338846154,0.737892532,-20.17759991,0.866064134,0,1,26
2/14/2020,0.384038462,0.35,0.750967213,-20.31859989,0.866852498,0,1,26
2/15/2020,0.319615385,0.384038462,0.737249545,-20.40039997,0.866700562,0,1,26
2/16/2020,0.279230769,0.319615385,0.751285974,-18.91179981,0.865673507,0,1,26
2/17/2020,0.283653846,0.279230769,0.73907286,-17.23579979,0.864406319,0,1,26
2/18/2020,0.281923077,0.283653846,0.829120219,-18.85479984,0.863716175,0,1,26
2/19/2020,0.330961538,0.281923077,0.812446266,-20.33799992,0.864353128,0,1,26
2/20/2020,0.289038462,0.330961538,0.797888889,-22.57119999,0.866511074,0,1,26
2/21/2020,0.283076923,0.289038462,0.785801457,-24.91519985,0.869761756,0,1,26
2/22/2020,0.298461538,0.283076923,0.774433515,-27.81819992,0.87353414,0,1,26
2/23/2020,0.342884615,0.298461538,0.766273224,-28.14980011,0.876867062,0,1,26
2/24/2020,0.390961538,0.342884615,0.755320583,-27.36140022,0.879163693,0,1,26
2/25/2020,0.371730769,0.390961538,0.750074681,-24.8512001,0.880269366,0,1,26
2/26/2020,0.320769231,0.371730769,0.785178506,-22.71760025,0.880527396,0,1,26
2/27/2020,0.432692308,0.320769231,0.773479053,-20.76580009,0.8804926,0,1,26
2/28/2020,0.285434911,0.432692308,0.763695811,-19.17599983,0.880900126,0,1,26
2/29/2020,0.329936594,0.285434911,0.752888889,-18.03859978,0.882399208,0,1,24
3/1/2020,0.3125,0.329936594,0.742626594,-17.04999981,0.884620526,0,1,17
3/2/2020,0.309313725,0.3125,0.713666667,-16.48899975,0.886445392,0,1,18
3/3/2020,0.25454793,0.309313725,0.800007286,-16.16379986,0.886654797,0,1,18
3/4/2020,0.195669935,0.25454793,0.786601093,-14.7066,0.88457135,0,1,18
3/5/2020,0.305147059,0.195669935,0.791588342,-13.6118,0.880408208,0,1,18
3/6/2020,0.3125,0.305147059,0.736593807,-13.49640007,0.874938832,0,1,18
3/7/2020,0.261029412,0.3125,0.712180328,-12.13440018,0.869507321,0,1,18
3/8/2020,0.189542484,0.261029412,0.639810565,-10.52860012,0.865091923,0,1,18
3/9/2020,0.222426471,0.189542484,0.600582878,-10.58220005,0.861876089,0,1,17
3/10/2020,0.241727941,0.222426471,0.614409836,-10.07000008,0.859253516,0,1,17
3/11/2020,0.224264706,0.241727941,0.647497268,-9.384000015,0.856446048,0,1,17
3/12/2020,0.227941176,0.224264706,0.638872495,-9.068199921,0.852753175,0,1,17
3/13/2020,0.329503676,0.227941176,0.588546448,-10.03359985,0.848113336,0,1,17
3/14/2020,0.448988971,0.329503676,0.579856102,-11.22959995,0.842937152,0,1,17
3/15/2020,0.44153213,0.448988971,0.575020036,-11.05879993,0.837997166,0,1,27
3/16/2020,0.370368527,0.44153213,0.702457195,-10.57060003,0.834236381,0,1,42
3/17/2020,0.327235772,0.370368527,0.717225865,-10.32060013,0.832364884,0,1,42
3/18/2020,0.408101045,0.327235772,0.756269581,-9.287600136,0.832204629,0,1,42
3/19/2020,0.469221835,0.408101045,0.743489982,-8.025200081,0.832630576,0,1,42
3/20/2020,0.410336818,0.469221835,0.761868852,-8.479800034,0.831916291,0,1,42
3/21/2020,0.369337979,0.410336818,0.750653916,-9.052600002,0.828536344,0,1,42
3/22/2020,0.391114983,0.369337979,0.739098361,-9.453000069,0.822508345,0,1,42
3/23/2020,0.325929152,0.391114983,0.802843352,-9.478800011,0.814916658,0,1,42
3/24/2020,0.303861789,0.325929152,0.768619308,-9.270999908,0.808012622,0,1,42
3/25/2020,0.369192799,0.303861789,0.734575592,-8.909799957,0.804290779,0,1,42
3/26/2020,0.276858304,0.369192799,0.737,-9.412199974,0.80514102,0,1,42
3/27/2020,0.362441928,0.276858304,0.768360656,-10.97320004,0.809916028,0,1,42
3/28/2020,0.411948316,0.362441928,0.754839709,-12.89759998,0.816448594,0,1,42
3/29/2020,0.341245645,0.411948316,0.746673953,-13.46620007,0.822491944,0,1,42
3/30/2020,0.345383275,0.341245645,0.737777778,-13.65459995,0.826389577,0,1,42
3/31/2020,0.315243902,0.345383275,0.725883424,-12.8421999,0.827068673,0,1,41
4/1/2020,0.358765244,0.315243902,0.661581056,-10.87419977,0.823874541,0,1,41
4/2/2020,0.282088415,0.358765244,0.708032787,-9.653999996,0.816591687,0,1,41
4/3/2020,0.34695122,0.282088415,0.700785064,-11.0881999,0.805699486,0,1,41
4/4/2020,0.313795732,0.34695122,0.713306011,-12.83480005,0.792463945,0,0,41
4/5/2020,0.121265244,0.313795732,0.706193078,-13.47620001,0.77835137,0,0,41
4/6/2020,0.118597561,0.121265244,0.68423133,-13.16199999,0.76435688,0,0,41
4/7/2020,0.10536859,0.118597561,0.674934426,-11.47599993,0.751175527,0,0,40
4/8/2020,0.086458333,0.10536859,0.696546448,-8.584600019,0.738983835,0,0,40
4/9/2020,0.108974359,0.086458333,0.64032969,-6.258599901,0.727445996,0,0,39
4/10/2020,0.073633603,0.108974359,0.610586521,-5.445200014,0.716426105,0,0,39
4/11/2020,0.067307692,0.073633603,0.599153005,-5.054200029,0.705695261,0,0,39
4/12/2020,0.093108974,0.067307692,0.550686703,-6.551800013,0.695025926,0,0,40
4/13/2020,0.100641026,0.093108974,0.546695811,-9.479000092,0.684216306,0,0,40
4/14/2020,0.107291667,0.100641026,0.545692168,-12.33240004,0.672600294,0,0,40
4/15/2020,0.109959893,0.107291667,0.563287796,-14.19040003,0.659310801,0,0,34
4/16/2020,0.163101604,0.109959893,0.557502732,-15.79899998,0.643656424,0,0,34
4/17/2020,0.266935484,0.163101604,0.620029144,-16.42040005,0.625740816,0,0,31
4/18/2020,0.086441532,0.266935484,0.625644809,-15.70319996,0.60620846,0,0,32
4/19/2020,0.117691532,0.086441532,0.607897996,-13.67860012,0.586021911,0,0,32
4/20/2020,0.130166331,0.117691532,0.58168306,-11.56460009,0.565999134,0,0,32
4/21/2020,0.152847782,0.130166331,0.545819672,-10.3144001,0.546130104,0,0,32
4/22/2020,0.141522989,0.152847782,0.517630237,-8.525199986,0.525796499,0,0,30
4/23/2020,0.0675,0.141522989,0.479579235,-6.405000019,0.504453212,0,0,26
4/24/2020,0.067692308,0.0675,0.450899818,-5.237199974,0.481736617,0,0,26
4/25/2020,0.078577899,0.067692308,0.49748816,-5.407999992,0.457771597,0,0,24
4/26/2020,0.089807692,0.078577899,0.488253188,-5.303999996,0.433148735,0,0,26
4/27/2020,0.107692308,0.089807692,0.452619308,-4.446000028,0.408822452,0,0,26
4/28/2020,0.102025692,0.107692308,0.426526412,-3.885400009,0.385565104,0,0,23
4/29/2020,0.070416667,0.102025692,0.407846995,-3.521399975,0.364028603,0,0,25
4/30/2020,0.031620553,0.070416667,0.383843352,-2.839599943,0.344457201,0,0,23
5/1/2020,0.045955166,0.031620553,0.357870674,-1.743799955,0.326594258,0,0,19
1/1/2021,0.13204023,0.155890805,0.370777778,-24.0352,0.963912869,0,0,30
1/2/2021,0.179454023,0.13204023,0.366579235,-23.2736,0.962999353,0,0,30
1/3/2021,0.261666667,0.179454023,0.362355191,-20.216,0.963142931,0,0,30
1/4/2021,0.302222222,0.261666667,0.359724955,-16.016,0.964011328,0,0,30
1/5/2021,0.215948276,0.302222222,0.373996357,-12.9808,0.964982522,0,0,30
1/6/2021,0.113602151,0.215948276,0.444874317,-13.5072,0.965753172,0,0,31
1/7/2021,0.135098566,0.113602151,0.484357013,-13.1712,0.966046479,0,0,31
1/8/2021,0.142473118,0.135098566,0.47375592,-13.5408,0.965825155,0,0,31
1/9/2021,0.163306452,0.142473118,0.472214936,-16.3856,0.964787222,0,0,31
1/10/2021,0.192508961,0.163306452,0.46510929,-19.5104,0.962676463,0,0,31
1/11/2021,0.135483871,0.192508961,0.458296904,-20.4288,0.95920391,0,0,31
1/12/2021,0.16438172,0.135483871,0.445092896,-21.5376,0.95418449,0,0,31
1/13/2021,0.249184588,0.16438172,0.439967213,-22.5904,0.947856033,0,0,31
1/14/2021,0.194758065,0.249184588,0.43473224,-20.7312,0.940761587,0,0,31
1/15/2021,0.145221454,0.194758065,0.442621129,-19.5104,0.933535668,0,0,31
1/16/2021,0.142571685,0.145221454,0.433901639,-18.2,0.926875712,0,0,31
1/17/2021,0.145169691,0.142571685,0.435941712,-16.4864,0.921147851,0,0,32
1/18/2021,0.165196573,0.145169691,0.431112933,-14.616,0.91649029,0,0,32
1/19/2021,0.172145017,0.165196573,0.432737705,-16.1168,0.912812273,0,0,32
1/20/2021,0.208030914,0.172145017,0.426763206,-16.576,0.909772463,0,0,32
1/21/2021,0.193422379,0.208030914,0.422154827,-17.416,0.907257121,0,0,32
1/22/2021,0.169081221,0.193422379,0.424905282,-15.8368,0.905770844,0,0,32
1/23/2021,0.250856855,0.169081221,0.42695082,-15.1648,0.906219381,0,0,32
1/24/2021,0.217372252,0.250856855,0.424449909,-14.7392,0.909048032,0,0,34
1/25/2021,0.252030085,0.217372252,0.420839709,-14.1792,0.914076321,0,0,36
1/26/2021,0.179998515,0.252030085,0.470021858,-14.168,0.921114707,0,0,34
1/27/2021,0.231126872,0.179998515,0.46708561,-17.0912,0.929538452,0,0,48
1/28/2021,0.319592199,0.231126872,0.463887067,-17.6512,0.938819912,0,0,48
1/29/2021,0.307173469,0.319592199,0.465462659,-15.6912,0.947856939,0,0,50
1/30/2021,0.3675,0.307173469,0.517836066,-13.104,0.955644032,0,0,50
1/31/2021,0.281124758,0.3675,0.52368306,-11.8048,0.961399469,0,0,52
2/1/2021,0.258028532,0.281124758,0.516602914,-12.04,0.96496731,0,0,52
2/2/2021,0.18561463,0.258028532,0.509149363,-14.168,0.9669587,0,0,52
2/3/2021,0.243140397,0.18561463,0.501797814,-15.2992,0.967861536,0,1,52
2/4/2021,0.274556938,0.243140397,0.554183971,-15.8368,0.968340497,0,1,52
2/5/2021,0.263857466,0.274556938,0.574564663,-14.5152,0.968701062,0,1,52
2/6/2021,0.303712418,0.263857466,0.572482696,-11.2784,0.968882639,0,1,51
2/7/2021,0.327973856,0.303712418,0.607023679,-8.2096,0.968530748,0,1,51
2/8/2021,0.342466853,0.327973856,0.599051002,-7.7168,0.967739837,0,1,51
2/9/2021,0.323895425,0.342466853,0.661382514,-8.064,0.966977279,0,1,51
2/10/2021,0.291957049,0.323895425,0.649766849,-7.6608,0.966940316,0,1,51
2/11/2021,0.28254902,0.291957049,0.634896175,-7.672,0.967912027,0,1,51
2/12/2021,0.304470588,0.28254902,0.619735883,-7.4928,0.969889889,0,1,51
2/13/2021,0.300133053,0.304470588,0.618717669,-7.1904,0.972234788,0,1,51
2/14/2021,0.313676471,0.300133053,0.663038251,-7.5152,0.974139241,0,1,51
2/15/2021,0.33877451,0.313676471,0.668661202,-9.2288,0.974990096,0,1,51
2/16/2021,0.366663399,0.33877451,0.661632058,-11.1776,0.974648951,0,1,51
2/17/2021,0.337872549,0.366663399,0.676147541,-12.3312,0.973529583,0,1,51
2/18/2021,0.379241363,0.337872549,0.676355191,-14.0112,0.972610565,0,1,51
2/19/2021,0.375147059,0.379241363,0.669183971,-14.7728,0.972631603,0,1,51
2/20/2021,0.350130719,0.375147059,0.721102004,-13.7648,0.973995533,0,1,51
2/21/2021,0.368529412,0.350130719,0.728408015,-12.8464,0.976597812,0,1,51
2/22/2021,0.378042484,0.368529412,0.805347905,-12.6448,0.979734076,0,1,51
2/23/2021,0.370882353,0.378042484,0.79079235,-10.1136,0.982546414,0,1,51
2/24/2021,0.38448366,0.370882353,0.777005465,-10.5728,0.984433843,0,1,51
2/25/2021,0.378284314,0.38448366,0.778744991,-13.8096,0.985502007,0,1,51
2/26/2021,0.391196078,0.378284314,0.772519126,-16.5984,0.986114837,0,1,51
2/27/2021,0.3575,0.391196078,0.767444444,-16.6768,0.987036833,0,1,51
2/28/2021,0.338382353,0.3575,0.825032787,-19.2976,0.988067841,0,1,51
3/1/2021,0.244313725,0.338382353,0.817961749,-19.3536,0.988668954,0,1,51
3/2/2021,0.280578431,0.244313725,0.806730419,-17.9648,0.988298485,0,1,51
3/3/2021,0.268183007,0.280578431,0.795087432,-16.5984,0.98654117,0,1,51
3/4/2021,0.259362745,0.268183007,0.782429873,-18.088,0.983540911,0,1,51
3/5/2021,0.253196078,0.259362745,0.772613843,-17.4832,0.979536251,0,1,51
3/6/2021,0.269055556,0.253196078,0.77348816,-16.7328,0.974894485,0,1,51
3/7/2021,0.255346405,0.269055556,0.765577414,-16.0048,0.969935979,0,1,51
3/8/2021,0.244294118,0.255346405,0.74275592,-14.616,0.964815834,0,1,51
3/9/2021,0.26874183,0.244294118,0.720016393,-12.8464,0.959482975,0,1,51
3/10/2021,0.232205882,0.26874183,0.69575592,-11.1104,0.952976308,0,1,51
3/11/2021,0.25585014,0.232205882,0.701544627,-11.7936,0.943522527,0,1,51
3/12/2021,0.231934641,0.25585014,0.697872495,-12.544,0.929516442,0,1,51
3/13/2021,0.253571895,0.231934641,0.695577414,-13.9552,0.909779972,0,1,51
3/14/2021,0.258771242,0.253571895,0.691916211,-14.8736,0.883834348,0,1,51
3/15/2021,0.204607843,0.258771242,0.681921676,-15.3328,0.852279324,0,1,51
3/16/2021,0.209509804,0.204607843,0.66410929,-13.104,0.816822242,0,1,51
3/17/2021,0.257254902,0.209509804,0.656269581,-10.3712,0.779779713,0,1,51
3/18/2021,0.215356335,0.257254902,0.646333333,-8.2544,0.742911121,0,1,52
3/19/2021,0.243354072,0.215356335,0.639469945,-7.168,0.707192128,0,1,52
3/20/2021,0.285067873,0.243354072,0.62070674,-6.4176,0.672539876,0,1,52
3/21/2021,0.34063914,0.285067873,0.588892532,-6.1152,0.637956435,0,1,52
3/22/2021,0.30537465,0.34063914,0.61463388,-6.7648,0.602349948,0,1,52
3/23/2021,0.279813977,0.30537465,0.622737705,-7.0224,0.565503755,0,1,52
3/24/2021,0.259093766,0.279813977,0.633335155,-8.0192,0.528633027,0,1,52
3/25/2021,0.255514706,0.259093766,0.640220401,-9.5312,0.493274793,0,1,52
3/26/2021,0.234307441,0.255514706,0.61204918,-9.52,0.45986898,0,1,52
3/27/2021,0.252215309,0.234307441,0.611639344,-8.7472,0.427741779,0,1,52
3/28/2021,0.226219206,0.252215309,0.606586521,-7.5824,0.396401929,0,1,52
3/29/2021,0.187729387,0.226219206,0.591112933,-5.6448,0.365604156,0,1,52
3/30/2021,0.228824158,0.187729387,0.519595628,-5.6,0.335575997,0,0,52
3/31/2021,0.220009158,0.228824158,0.493948998,-6.8992,0.307015083,0,0,52
4/1/2021,0.163606083,0.220009158,0.510271403,-8.2768,0.280795572,0,0,52
4/2/2021,0.165020111,0.163606083,0.499837887,-9.5088,0.25668326,0,0,52
4/3/2021,0.162075792,0.165020111,0.469477231,-9.968,0.23404007,0,0,52
4/4/2021,0.125021996,0.162075792,0.425774135,-8.3328,0.213207988,0,0,52
4/5/2021,0.176659125,0.125021996,0.378896175,-6.5856,0.192477926,0,0,52
4/6/2021,0.227227394,0.176659125,0.324810565,-4.6928,0.169886911,0,0,48
4/7/2021,0.199117647,0.227227394,0.311899818,-3.8416,0.145247022,0,0,51
4/8/2021,0.196489256,0.199117647,0.402652095,-3.864,0.119151023,0,0,48
4/9/2021,0.104677939,0.196489256,0.342123862,-5.488,0.093487053,0,0,46
4/10/2021,0.086099034,0.104677939,0.321484517,-7.4704,0.071007056,0,0,46
4/11/2021,0.072734404,0.086099034,0.314377049,-8.4896,0.05419064,0,0,43
4/12/2021,0.077975589,0.072734404,0.279209472,-9.3408,0.043389436,0,0,45
4/13/2021,0.104331204,0.077975589,0.282970856,-10.2592,0.037092698,0,0,42
4/14/2021,0.109585772,0.104331204,0.279825137,-9.3968,0.032470223,0,0,43
4/15/2021,0.077865449,0.109585772,0.274996357,-7.9296,0.027714332,0,0,43
4/16/2021,0.08204607,0.077865449,0.274941712,-7.7056,0.02287008,0,0,42
4/17/2021,0.096461237,0.08204607,0.288380692,-7.7056,0.018720417,0,0,41
4/18/2021,0.08823983,0.096461237,0.287839709,-7.448,0.015811173,0,0,39
4/19/2021,0.106478189,0.08823983,0.256202186,-7.3248,0.014068423,0,0,38
4/20/2021,0.089358304,0.106478189,0.243714026,-8.7136,0.012986406,0,0,42
4/21/2021,0.066059379,0.089358304,0.24942623,-9.8336,0.012426592,0,0,39
4/22/2021,0.065891473,0.066059379,0.247344262,-9.912,0.011754402,0,0,43
4/23/2021,0.08033033,0.065891473,0.244229508,-9.3968,0.010712131,0,0,37
4/24/2021,0.074299299,0.08033033,0.237692168,-8.5568,0.009292595,0,0,37
4/25/2021,0.095483193,0.074299299,0.2148051,-6.5408,0.007601955,0,0,35
4/26/2021,0.0957503,0.095483193,0.213770492,-3.9648,0.005812209,0,0,35
4/27/2021,0.111104855,0.0957503,0.21571949,-2.1168,0.004113413,0,0,37
4/28/2021,0.091918683,0.111104855,0.240825137,-2.0608,0.002700479,0,0,32
4/29/2021,0.153304598,0.091918683,0.225588342,-2.5312,0.001734593,0,0,30
4/30/2021,0.089781746,0.153304598,0.213546448,-2.6096,0.001295184,0,0,28
5/1/2021,0.095561594,0.089781746,0.198112933,-2.4528,0.001183584,0,0,24
1/1/2022,0.148685474,0.097689076,0.43356102,-15.3,0.621835383,0,0,35
1/2/2022,0.074684874,0.148685474,0.425930783,-17.62,0.625057613,0,0,35
1/3/2022,0.079467787,0.074684874,0.492191257,-19.26,0.627916235,0,0,35
1/4/2022,0.095168067,0.079467787,0.47310929,-20.38,0.630753431,0,0,35
1/5/2022,0.119992997,0.095168067,0.451054645,-19.54,0.633803599,0,0,35
1/6/2022,0.179677871,0.119992997,0.493526412,-15.98,0.637094187,0,0,35
1/7/2022,0.212920168,0.179677871,0.58098725,-11.9,0.640463231,0,0,35
1/8/2022,0.147184874,0.212920168,0.605520947,-8.32,0.643698602,0,0,35
1/9/2022,0.128963585,0.147184874,0.585544627,-8.82,0.646601243,0,0,35
1/10/2022,0.09573678,0.128963585,0.667103825,-12.52,0.649148757,0,0,34
1/11/2022,0.141377005,0.09573678,0.643005465,-15.82,0.65128515,0,0,34
1/12/2022,0.148952763,0.141377005,0.626187614,-19.56,0.653040976,0,0,34
1/13/2022,0.15887552,0.148952763,0.609996357,-22.1,0.654423032,0,0,34
1/14/2022,0.142156863,0.15887552,0.594482696,-21.44,0.655569912,0,0,34
1/15/2022,0.091911765,0.142156863,0.58032969,-20.44,0.656540847,0,0,34
1/16/2022,0.084105764,0.091911765,0.568857924,-19.28,0.657422579,0,0,34
1/17/2022,0.072192513,0.084105764,0.558530055,-18.1,0.658234464,0,0,34
1/18/2022,0.079894534,0.072192513,0.549788707,-18.3,0.65887144,0,0,34
1/19/2022,0.114248578,0.079894534,0.542233151,-18.36,0.659315834,0,0,34
1/20/2022,0.098930481,0.114248578,0.535078324,-17.86,0.659370663,0,0,34
1/21/2022,0.106486079,0.098930481,0.529060109,-17.08,0.659050298,0,0,34
1/22/2022,0.10876199,0.106486079,0.543641166,-16.44,0.658398304,0,0,34
1/23/2022,0.090701129,0.10876199,0.553466302,-16.8,0.65760558,0,0,34
1/24/2022,0.09968063,0.090701129,0.547220401,-17.46,0.656819588,0,0,34
1/25/2022,0.099089969,0.09968063,0.540462659,-18.3,0.656105451,0,0,35
1/26/2022,0.066169468,0.099089969,0.536717669,-20.04,0.655456046,0,0,35
1/27/2022,0.088970588,0.066169468,0.530912568,-22.02,0.654929959,0,0,35
1/28/2022,0.076890756,0.088970588,0.545218579,-23.28,0.654715368,0,0,35
1/29/2022,0.082713085,0.076890756,0.540315118,-24.4,0.654971323,0,0,35
1/30/2022,0.083403361,0.082713085,0.535440802,-25.48,0.655677887,0,0,35
1/31/2022,0.114495798,0.083403361,0.52984153,-25.7,0.656886264,0,0,35
2/1/2022,0.138970588,0.114495798,0.524717669,-24.46,0.658562856,0,0,35
2/2/2022,0.157289916,0.138970588,0.520928962,-24.04,0.660490484,0,0,35
2/3/2022,0.158613445,0.157289916,0.517497268,-24.02,0.662601243,0,0,35
2/4/2022,0.180042017,0.158613445,0.514562842,-23.84,0.664655166,0,0,35
2/5/2022,0.172689076,0.180042017,0.511765027,-23.04,0.666395715,0,0,35
2/6/2022,0.171911765,0.172689076,0.508591985,-22.96,0.667568294,0,0,35
2/7/2022,0.196918768,0.171911765,0.50395082,-21.98,0.667996569,0,1,35
2/8/2022,0.219362745,0.196918768,0.500491803,-20.92,0.66752913,0,1,34
2/9/2022,0.243899937,0.219362745,0.495859745,-18.7,0.66619064,0,1,33
2/10/2022,0.363667675,0.243899937,0.514972678,-16.48,0.663958312,0,1,32
2/11/2022,0.350924059,0.363667675,0.510803279,-14.48,0.660828651,0,1,32
2/12/2022,0.38140121,0.350924059,0.505358834,-13.9,0.656886781,0,1,32
2/13/2022,0.402377352,0.38140121,0.506992714,-13.42,0.652387235,0,1,32
2/14/2022,0.340889017,0.402377352,0.503071038,-14.08,0.647611212,0,1,32
2/15/2022,0.264961358,0.340889017,0.498459016,-15.04,0.643046673,0,1,32
2/16/2022,0.275327621,0.264961358,0.492233151,-14.68,0.639146815,0,1,32
2/17/2022,0.325957661,0.275327621,0.501446266,-14.16,0.63631059,0,1,32
2/18/2022,0.316028226,0.325957661,0.503908925,-12.4,0.634779259,0,1,32
2/19/2022,0.340077765,0.316028226,0.500391621,-10.3,0.634424715,0,1,32
2/20/2022,0.340427375,0.340077765,0.496165756,-8.76,0.635068164,0,1,28
2/21/2022,0.303309812,0.340427375,0.483185792,-8.94,0.636261328,0,1,32
2/22/2022,0.280821573,0.303309812,0.503061931,-9.64,0.637683325,0,1,32
2/23/2022,0.288146841,0.280821573,0.503743169,-12.4,0.638970482,0,1,32
2/24/2022,0.294270833,0.288146841,0.537193078,-16.34,0.639729221,0,1,33
2/25/2022,0.326864919,0.294270833,0.534320583,-19.52,0.639590368,0,1,32
2/26/2022,0.299075941,0.326864919,0.534014572,-23.36,0.638084412,0,1,32
2/27/2022,0.279221907,0.299075941,0.532220401,-25.04,0.634824832,0,1,33
2/28/2022,0.284832702,0.279221907,0.529703097,-24.74,0.629415717,0,1,33
3/1/2022,0.171102151,0.284832702,0.525100182,-21.3,0.622086743,0,1,31
3/2/2022,0.192455197,0.171102151,0.501622951,-17.32,0.613118268,0,1,31
3/3/2022,0.2375,0.192455197,0.465165756,-13.02,0.603132639,0,1,31
3/4/2022,0.261379928,0.2375,0.438826958,-9.02,0.59312733,0,1,31
3/5/2022,0.243010753,0.261379928,0.416132969,-5.64,0.58413471,0,1,31
3/6/2022,0.300421147,0.243010753,0.404216758,-5.86,0.576187727,0,1,31
3/7/2022,0.248010753,0.300421147,0.445029144,-8.72,0.568872087,0,1,31
3/8/2022,0.217816092,0.248010753,0.455395264,-11.44,0.561180476,0,1,30
3/9/2022,0.233764368,0.217816092,0.450214936,-13.24,0.552061044,0,1,30
3/10/2022,0.249549808,0.233764368,0.490386157,-17.66,0.5404297,0,1,30
3/11/2022,0.266091954,0.249549808,0.486358834,-20.78,0.525630049,0,1,30
3/12/2022,0.277155172,0.266091954,0.483021858,-20.52,0.507268902,0,1,30
3/13/2022,0.316162327,0.277155172,0.478630237,-17.54,0.485419213,0,1,29
3/14/2022,0.301702146,0.316162327,0.455495446,-16.84,0.460742426,0,1,29
3/15/2022,0.294312169,0.301702146,0.47163388,-13.54,0.434313374,0,1,28
3/16/2022,0.334847149,0.294312169,0.479327869,-9.64,0.407554052,0,1,28
3/17/2022,0.277853261,0.334847149,0.464500911,-8.9,0.381193876,0,1,24
3/18/2022,0.344655797,0.277853261,0.476209472,-10.52,0.355558001,0,1,24
3/19/2022,0.276185771,0.344655797,0.472495446,-10.2,0.330256279,0,1,23
3/20/2022,0.257822793,0.276185771,0.468531876,-8.98,0.304173809,0,1,23
3/21/2022,0.235111989,0.257822793,0.437163934,-10.14,0.276761717,0,0,23
3/22/2022,0.187005929,0.235111989,0.446313297,-10.34,0.248266183,0,0,23
3/23/2022,0.112401186,0.187005929,0.419051002,-10.12,0.219477279,0,0,23
3/24/2022,0.170849802,0.112401186,0.412333333,-9.78,0.191641442,0,0,23
3/25/2022,0.211709486,0.170849802,0.386311475,-9.86,0.16578405,0,0,23
3/26/2022,0.19222583,0.211709486,0.35167031,-8.12,0.142534503,0,0,22
3/27/2022,0.214556277,0.19222583,0.324009108,-6.28,0.122127719,0,0,22
3/28/2022,0.169101732,0.214556277,0.290129326,-4.84,0.104314345,0,0,22
3/29/2022,0.128571429,0.169101732,0.258843352,-3.52,0.088917659,0,0,21
3/30/2022,0.106309524,0.128571429,0.265836066,-4.06,0.075716727,0,0,21
3/31/2022,0.160019841,0.106309524,0.250961749,-4.54,0.064912286,0,0,21
4/1/2022,0.143442982,0.160019841,0.252885246,-4.46,0.05639086,0,0,20
4/2/2022,0.161184211,0.143442982,0.249005465,-4.76,0.04999262,0,0,20
4/3/2022,0.179093567,0.161184211,0.245324226,-6,0.045366002,0,0,19
4/4/2022,0.205592105,0.179093567,0.233471767,-6.08,0.041896103,0,0,20
4/5/2022,0.314797794,0.205592105,0.227431694,-5.54,0.039203263,0,0,17
4/6/2022,0.173135965,0.314797794,0.251375228,-6.66,0.037099107,0,0,20
4/7/2022,0.125631313,0.173135965,0.261672131,-7.92,0.035327745,0,0,22
4/8/2022,0.095548246,0.125631313,0.254275046,-8.26,0.033631085,0,0,20
4/9/2022,0.195772059,0.095548246,0.242411658,-7.2,0.031874417,0,0,17
4/10/2022,0.163143382,0.195772059,0.216333333,-7.76,0.030264694,0,0,17
4/11/2022,0.235702614,0.163143382,0.221624772,-7.3,0.029073666,0,0,18
4/12/2022,0.28880719,0.235702614,0.275302368,-6.86,0.028138788,0,0,18
4/13/2022,0.126827485,0.28880719,0.341098361,-8.52,0.027010875,0,0,19
4/14/2022,0.150511696,0.126827485,0.350378871,-10.84,0.025353444,0,0,19
4/15/2022,0.055921053,0.150511696,0.348939891,-10.74,0.023050233,0,0,19
4/16/2022,0.074473684,0.055921053,0.399285975,-10.34,0.020296608,0,0,20
4/17/2022,0.123816138,0.074473684,0.424020036,-9.4,0.017481098,0,0,21
4/18/2022,0.081521739,0.123816138,0.373850638,-6.66,0.015035992,0,0,23
4/19/2022,0.073369565,0.081521739,0.362568306,-4.44,0.013022009,0,0,23
4/20/2022,0.112828947,0.073369565,0.374759563,-4.02,0.011292595,0,0,20
4/21/2022,0.108552632,0.112828947,0.370861567,-3.76,0.009801463,0,0,20
4/22/2022,0.055555556,0.108552632,0.343001822,-3.04,0.008433584,0,0,18
4/23/2022,0.058712121,0.055555556,0.301449909,-2.5,0.007130567,0,0,12
4/24/2022,0.028952991,0.058712121,0.300630237,-2.86,0.005920184,0,0,13
4/25/2022,0.059375,0.028952991,0.314371585,-3.54,0.004744303,0,0,16
4/26/2022,0.076785714,0.059375,0.309098361,-4.04,0.003535085,0,0,15
4/27/2022,0.104761905,0.076785714,0.295974499,-4.32,0.002390795,0,0,15
4/28/2022,0.080357143,0.104761905,0.277757741,-4.62,0.001489966,0,0,14
4/29/2022,0.073489011,0.080357143,0.274140255,-4.02,0.000948666,0,0,14
4/30/2022,0.068452381,0.073489011,0.287078324,-2.92,0.000767478,0,0,15
5/1/2022,0.122252747,0.068452381,0.331041894,-1.94,0.000801528,0,0,14
